[{"sidebar":["search-2","prolog_image_widget-2","prolog_book_widget-2","prolog_calender_widget-2","tab_widget-2","categories-2","tag_cloud-2","archives-2","recent-posts-2"]},{"search":{"2":{"title":""},"_multiwidget":1},"prolog_image_widget":{"2":{"title":"Ads","ads_img_link1":"http:\/\/themeforest.net\/item\/vocal-music-event-wordpress-theme\/8324142","ads_img1":"\/wp-content\/uploads\/2014\/08\/ads1.png","ads_img_link2":"http:\/\/themeforest.net\/item\/enter-one-page-parallax-wordpress-theme\/7789793","ads_img2":"\/wp-content\/uploads\/2014\/08\/3.png","ads_img_link3":"http:\/\/themeforest.net\/item\/vocal-music-event-wordpress-theme\/8324142","ads_img3":"\/wp-content\/uploads\/2014\/08\/2.png","ads_img_link5":"http:\/\/themeforest.net\/item\/sportsline-responsive-sports-news-theme\/6271191","ads_img5":"\/wp-content\/uploads\/2014\/08\/1.png","ads_img_link4":"http:\/\/themeforest.net\/user\/themeum\/portfolio","ads_img4":"\/wp-content\/uploads\/2014\/08\/4.png"},"_multiwidget":1},"prolog_book_widget":{"2":{"title":"","book_img":"\/wp-content\/uploads\/2014\/08\/book.png","book_title":"CSS3 & HTML5","book_sub_title":"Rebecca Lucas","book_download_link":"#"},"_multiwidget":1},"prolog_calender_widget":{"2":{"title":""},"_multiwidget":1},"tab_widget":{"2":{"title":" ","popular_count":"3","latest_count":"3","comments_count":"3","tab1":"popular","tab1_title":"Popular","tab2":"latest","tab2_title":"Latest","tab3":"comments","tab3_title":"Comments"},"_multiwidget":1},"categories":{"2":{"title":"Categories","count":0,"hierarchical":0,"dropdown":0},"_multiwidget":1},"tag_cloud":{"2":{"title":"","taxonomy":"post_tag"},"_multiwidget":1},"archives":{"2":{"title":"Archies","count":0,"dropdown":0},"_multiwidget":1},"recent-posts":{"2":{"title":"Recent Post","number":5,"show_date":false},"_multiwidget":1}}]