<?xml version="1.0" encoding="UTF-8"?>
<beans xmlns="http://www.springframework.org/schema/beans"
  xmlns:xsi="http://www.w3.org/2001/XMLSchema-instance"
  xmlns:beans="http://www.springframework.org/schema/beans"
  xmlns:context="http://www.springframework.org/schema/context"
  xsi:schemaLocation="
    http://www.springframework.org/schema/beans 
    http://www.springframework.org/schema/beans/spring-beans.xsd 
    http://www.springframework.org/schema/context 
    http://www.springframework.org/schema/context/spring-context.xsd">
 
 
  <context:component-scan base-package="com.service" />
 
 
  <!-- =============================================== -->
  <!-- JMS Common, Define JMS connectionFactory       -->
  <!-- =============================================== -->
  <!-- Activemq connection factory -->
  <bean id="amqConnectionFactory" class="org.apache.activemq.ActiveMQConnectionFactory">
    <!-- brokerURL, You may have different IP or port -->
    <constructor-arg index="0" value="tcp://localhost:61616" />
  </bean>
 
  <!-- Pooled Spring connection factory -->
  <bean id="connectionFactory"
    class="org.springframework.jms.connection.CachingConnectionFactory">
    <constructor-arg ref="amqConnectionFactory" />
  </bean>
 
  <!-- ======================================================= -->
  <!-- JMS Send, define default destination and JmsTemplate    -->
  <!-- ======================================================= -->
  <!-- Default Destination Queue Definition -->
  <bean id="defaultDestination" class="org.apache.activemq.command.ActiveMQQueue">
    <!-- name of the queue -->
    <constructor-arg index="0" value="Send2Recv" />
  </bean>
 
  <!-- JmsTemplate Definition -->
  <bean id="jmsTemplate" class="org.springframework.jms.core.JmsTemplate">
    <property name="connectionFactory" ref="connectionFactory" />
    <property name="defaultDestination" ref="defaultDestination" />
  </bean>
  <bean id="jmsMessageSender" class="com.publisher.JmsMessageSender"/>
</beans>
